Symbol,Name,Last Sale,Net Change,% Change,Market Cap,Country,IPO Year,Volume,Sector,Industry
AAMC,Altisource Asset Management Corp Com,$26.36,-1.37,-4.94%,43499588.00,United States,,3698,Finance,Real Estate
AAU,Almaden Minerals Ltd. Common Shares,$0.90,-0.015,-1.639%,108493750.00,Canada,2015,5177948,Basic Industries,Precious Metals
ACU,Acme United Corporation. Common Stock,$33.25,0.03,0.09%,111018857.00,United States,1988,8156,Capital Goods,Industrial Machinery/Components
ACY,AeroCentury Corp. Common Stock,$10.50,0.00,0.00%,16231782.00,United States,,62559,Technology,Diversified Commercial Services
AE,Adams Resources & Energy Inc. Common Stock,$27.75,-0.03,-0.108%,117723381.00,United States,,3773,Energy,Oil Refining/Marketing
AEF,Aberdeen Emerging Markets Equity Income Fund Inc. Common Stock,$8.97,-0.01,-0.111%,455243449.00,United States,,20629,,
AGE,AgeX Therapeutics Inc. Common Stock,$2.47,-0.07,-2.756%,93096886.00,,2018,186413,Health Care,Major Pharmaceuticals
AIM,AIM ImmunoTech Inc. Common Stock,$2.76,0.06,2.222%,109544433.00,United States,,2358638,Health Care,Biotechnology: Biological Products (No Diagnostic Substances)
AINC,Ashford Inc. (Holding Company) Common Stock,$8.38,0.18,2.195%,21401866.00,United States,2014,9320,Consumer Services,Professional Services
AIRI,Air Industries Group Common Stock,$1.85,-0.03,-1.596%,58700047.00,United States,,790955,Capital Goods,Military/Government/Technical
AMBO,Ambow Education Holding Ltd. American Depository Shares each representing two Class A ordinary shares,$3.23,0.21,6.954%,74985535.00,China,,3895296,Consumer Services,Other Consumer Services
AMPE,Ampio Pharmaceuticals Inc.,$2.49,0.33,15.278%,460786950.00,United States,,22549961,Health Care,Major Pharmaceuticals
AMS,American Shared Hospital Services Common Stock,$2.94,0.18,6.522%,16937340.00,United States,,358997,Health Care,Medical Specialities
ANVS,Annovis Bio Inc. Common Stock,$21.68,0.70,3.337%,149725050.00,United States,2020,143647,Health Care,Major Pharmaceuticals
APT,Alpha Pro Tech Ltd. Common Stock,$17.96,-1.36,-7.039%,243858096.00,Canada,,789931,Health Care,Industrial Specialties
ARMP,Armata Pharmaceuticals Inc. Common Stock,$6.10,-0.13,-2.087%,125393875.00,United States,,21243,Health Care,Biotechnology: Biological Products (No Diagnostic Substances)
ASM,Avino Silver & Gold Mines Ltd. Common Shares (Canada),$1.41,0.03,2.174%,126291842.00,Canada,,3173575,Basic Industries,Precious Metals
ATNM,Actinium Pharmaceuticals Inc. (Delaware) Common Stock,$9.25,0.02,0.217%,125675356.00,United States,,285122,Health Care,Major Pharmaceuticals
AUMN,Golden Minerals Company Common Stock,$0.9563,-0.0025,-0.261%,144891549.00,United States,,2822136,Basic Industries,Precious Metals
AWX,Avalon Holdings Corporation Common Stock,$4.00,0.25,6.667%,15501724.00,United States,,157893,Public Utilities,Environmental Services
AXU,Alexco Resource Corp Common Shares (Canada),$2.90,0.05,1.754%,405315432.00,Canada,,1069549,Basic Industries,Precious Metals
BATL,Battalion Oil Corporation Common Stock,$8.82,-0.08,-0.899%,142918989.00,,,4652,Energy,Oil & Gas Production
BCV,Bancroft Fund Ltd.,$35.67,0.63,1.798%,189942429.00,United States,,40680,,
BDL,Flanigan's Enterprises Inc. Common Stock,$26.28,0.1867,0.716%,48845243.00,United States,,2801,Consumer Services,Restaurants
BDR,Blonder Tongue Laboratories Inc. Common Stock,$1.93,-0.07,-3.50%,22374693.00,United States,,688907,Technology,Radio And Television Broadcasting And Communications Equipment
BGI,Birks Group Inc. Common Stock,$2.73,0.57,26.389%,49060505.00,Canada,,2710528,Consumer Services,Consumer Specialties
BHB,Bar Harbor Bankshares Inc. Common Stock,$24.77,0.39,1.60%,369780555.00,United States,,27780,Finance,Major Banks
BIOX,Bioceres Crop Solutions Corp. Ordinary Shares,$8.60,0.20,2.381%,346802112.00,,2018,99636,Basic Industries,Agricultural Chemicals
BKTI,BK Technologies Corporation Common Stock,$4.21,0.05,1.202%,52675377.00,United States,,8177,Technology,Radio And Television Broadcasting And Communications Equipment
BMTX,BM Technologies Inc. Common Stock,$13.32,-0.43,-3.127%,162508023.00,,2018,119432,Finance,Major Banks
BRBS,Blue Ridge Bankshares Inc. Common Stock,$20.29,0.16,0.795%,250507442.00,,,22419,Finance,Major Banks
BRG,Bluerock Residential Growth REIT Inc. Class A Common Stock,$11.29,0.83,7.935%,269240341.00,,2014,245369,Consumer Services,Real Estate Investment Trusts
BRN,Barnwell Industries Inc. Common Stock,$3.37,0.03,0.898%,27894029.00,United States,,614248,Energy,Oil & Gas Production
BTG,B2Gold Corp Common shares (Canada),$5.04,0.07,1.408%,5294984577.00,Canada,,7229980,Basic Industries,Precious Metals
BTN,Ballantyne Strong Inc. Common Stock,$2.91,0.37,14.567%,52971231.00,United States,,1330380,Miscellaneous,Industrial Machinery/Components
BWL/A,Bowl America Inc.,$10.5118,0.3518,3.463%,,United States,,7493,,
CANF,Can-Fite Biopharma Ltd Sponsored ADR (Israel),$2.70,0.04,1.504%,41617751.00,Israel,,1561355,Health Care,Major Pharmaceuticals
CCF,Chase Corporation Common Stock,$110.88,0.79,0.718%,1047415834.00,United States,,15357,Consumer Durables,Building Products
CDOR,Condor Hospitality Trust Inc. Common Stock,$4.93,-0.02,-0.404%,59234517.00,United States,,4496,Consumer Services,Real Estate Investment Trusts
CEI,Camber Energy Inc. Common Stock,$1.84,-0.01,-0.541%,46000000.00,United States,,6765985,Energy,Oil & Gas Production
CET,Central Securities Corporation Common Stock,$36.00,0.51,1.437%,944654508.00,United States,,19838,,
CEV,Eaton Vance California Municipal Income Trust Shares of Beneficial Interest,$13.73,-0.05,-0.363%,97943985.00,United States,1999,14495,,
CHAQ,Chardan Healthcare Acquisition 2 Corp. Common Stock,$10.77,-0.0237,-0.22%,116082345.00,,2020,37738,Finance,Business Services
CHFW,Consonance-HFW Acquisition Corp. Class A Ordinary Shares,$10.48,0.16,1.55%,125068320.00,,2021,48171,,
CIK,Credit Suisse Asset Management Income Fund Inc. Common Stock,$3.27,-0.04,-1.208%,171037118.00,United States,,1485458,,
CIX,CompX International Inc. Common Stock,$14.11,-0.03,-0.212%,175685825.00,United States,1998,2379,Capital Goods,Industrial Machinery/Components
CKX,CKX Lands Inc. Common Stock,$11.0015,-0.2985,-2.642%,21370359.00,United States,,352,Energy,Oil & Gas Production
CLM,Cornerstone Strategic Value Fund Inc. New Common Stock,$13.14,-0.32,-2.377%,1000230242.00,United States,1987,1222967,,
CMCL,Caledonia Mining Corporation Plc Common Shares,$16.04,-0.01,-0.062%,194385921.00,Canada,,43534,Basic Industries,Precious Metals
CMT,Core Molding Technologies Inc Common Stock,$12.43,0.22,1.802%,99090381.00,United States,,8344,Consumer Non-Durables,Plastic Products
COHN,Cohen & Company Inc.,$21.60,1.40,6.931%,28821247.00,United States,,24268,Finance,Investment Bankers/Brokers/Service
CPHI,China Pharma Holdings Inc. Common Stock,$1.14,0.07,6.542%,51960695.00,China,,1467148,Health Care,Major Pharmaceuticals
CQP,Cheniere Energy Partners LP Cheniere Energy Partners LP Common Units,$40.00,0.25,0.629%,19360784920.00,United States,2007,169796,Public Utilities,Oil/Gas Transmission
CRF,Cornerstone Total Return Fund Inc. (The) Common Stock,$12.72,-0.20,-1.548%,511806245.00,United States,,478262,,
CRHM,CRH Medical Corporation Common Shares of Beneficial Interest,$3.87,0.02,0.519%,276368635.00,,2015,904419,Health Care,Medical/Nursing Services
CTEK,CynergisTek Inc. Common Stock,$2.58,0.00,0.00%,27482286.00,United States,2017,94575,Miscellaneous,Business Services
CVM,Cel-Sci Corporation Common Stock,$23.55,0.49,2.125%,936522294.00,United States,,587554,Health Care,Biotechnology: Biological Products (No Diagnostic Substances)
CVR,Chicago Rivet & Machine Co. Common Stock,$26.00,-0.225,-0.858%,25119432.00,United States,,1562,Technology,Industrial Machinery/Components
CVU,CPI Aerostructures Inc. Common Stock,$5.06,0.05,0.998%,60473431.00,United States,,108700,Capital Goods,Military/Government/Technical
DHY,Credit Suisse High Yield Bond Fund Common Stock,$2.38,0.00,0.00%,246347617.00,United States,1998,3314093,,
DIT,AMCON Distributing Company Common Stock,$107.00,0.00,0.00%,58996483.00,United States,,32,Consumer Non-Durables,Food Distributors
DLA,Delta Apparel Inc. Common Stock,$27.62,0.19,0.693%,192640109.00,United States,,24927,Consumer Non-Durables,Apparel
DMF,BNY Mellon Municipal Income Inc. Common Stock,$9.0775,-0.0525,-0.575%,188365369.00,United States,1988,30184,,
DNN,Denison Mines Corp Ordinary Shares (Canada),$1.11,0.05,4.717%,753412298.00,Canada,,153970492,Basic Industries,Precious Metals
DPW,Ault Global Holdings Inc. Common Stock,$5.66,0.53,10.331%,157085161.00,United States,,18225755,Capital Goods,Industrial Machinery/Components
DSS,Document Security Systems Inc. Common Stock,$4.48,0.28,6.667%,60492893.00,United States,,11930008,Consumer Durables,Containers/Packaging
DXF,Dunxin Financial Holdings Limited American Depositary Shares,$1.79,0.05,2.874%,37366016.00,China,,375471,Finance,Finance: Consumer Services
DXR,Daxor Corporation Common Stock,$13.76,0.02,0.146%,55228650.00,United States,,9521,Health Care,Medical/Dental Instruments
EAD,Wells Fargo Income Opportunities Fund Common Shares,$8.32,0.01,0.12%,504077300.00,United States,2003,122584,,
ECF,Ellsworth Growth and Income Fund Ltd.,$17.04,0.44,2.651%,225014171.00,United States,1986,89029,,
EIM,Eaton Vance Municipal Bond Fund Common Shares of Beneficial Interest $.01 par value,$13.60,-0.04,-0.293%,978563302.00,United States,2002,112654,,
ELA,Envela Corporation Common Stock,$6.54,0.00,0.00%,176085452.00,United States,,30705,Consumer Services,Consumer Specialties
ELLO,Ellomay Capital Ltd Ordinary Shares (Israel),$31.94,-0.67,-2.055%,404107882.00,Israel,,3053,Public Utilities,Electric Utilities: Central
ELMD,Electromed Inc. Common Stock,$11.45,-0.13,-1.123%,98871265.00,United States,2011,92333,Health Care,Biotechnology: Electromedical & Electrotherapeutic Apparatus
EMAN,eMagin Corporation Common Stock,$3.65,-0.04,-1.084%,246373547.00,United States,,1675166,Technology,Semiconductors
EMX,EMX Royalty Corporation Common Shares (Canada),$3.49,-0.05,-1.412%,294337735.00,Canada,,180940,Basic Industries,Precious Metals
ENSV,Enservco Corporation Common Stock,$2.57,-0.04,-1.533%,13216243.00,United States,,967337,Energy,Oilfield Services/Equipment
ENX,Eaton Vance New York Municipal Bond Fund Common Shares of Beneficial Interest $.01 par value,$12.36,-0.03,-0.242%,223942114.00,United States,2002,115011,,
EPM,Evolution Petroleum Corporation Inc. Common Stock,$3.65,0.20,5.797%,122240508.00,United States,,118111,Energy,Oil & Gas Production
EQX,Equinox Gold Corp. Common Shares,$9.63,0.05,0.522%,2329209776.00,Canada,,947223,Basic Industries,Precious Metals
ERC,Wells Fargo Multi-Sector Income Fund Common Stock no par value,$12.53,0.01,0.08%,352495063.00,United States,2003,69460,,
ERH,Wells Fargo Utilities and High Income Fund,$12.8207,-0.0693,-0.538%,118912826.00,,2004,21656,,
ESP,Espey Mfg. & Electronics Corp. Common Stock,$20.25,0.12,0.596%,54728318.00,United States,,1292,Capital Goods,Industrial Machinery/Components
EVBN,Evans Bancorp Inc. Common Stock,$28.94,-0.66,-2.23%,155816983.00,United States,,30270,Finance,Major Banks
EVI,EVI Industries Inc.  Common Stock,$41.06,-2.89,-6.576%,503042032.00,United States,,27900,Consumer Services,Other Consumer Services
EVM,Eaton Vance California Municipal Bond Fund Common Shares of Beneficial Interest $.01 par value,$11.66,-0.05,-0.427%,291433993.00,United States,2002,40288,,
EVV,Eaton Vance Limited Duration Income Fund Common Shares of Beneficial Interest,$12.60,0.02,0.159%,1463452427.00,United States,2003,297184,,
EVY,Eaton Vance New York Municipal Income Trust Shares of Beneficial Interest,$13.92,0.02,0.144%,75193446.00,United States,1999,2659,,
EXN,Excellon Resources Inc. Common Shares,$3.33,0.10,3.096%,106789770.00,,2020,81021,Basic Industries,Precious Metals
FAX,Aberdeen Asia-Pacific Income Fund Inc Common Stock,$4.54,-0.03,-0.656%,1124538791.00,United States,1986,441009,,
FCO,Aberdeen Global Income Fund Inc. Common Stock,$8.15,-0.02,-0.245%,71157210.00,United States,1992,25089,,
FEN,First Trust Energy Income and Growth Fund,$12.13,0.15,1.252%,239819379.00,United States,2004,71912,,
FRD,Friedman Industries Inc. Common Stock,$7.435,0.085,1.156%,52371649.00,United States,,24447,Capital Goods,Steel/Iron Ore
FSI,Flexible Solutions International Inc. Common Stock (CDA),$4.34,0.02,0.463%,53123965.00,Canada,,166445,Basic Industries,Major Chemicals
FSP,Franklin Street Properties Corp. Common Stock,$4.34,-0.04,-0.913%,465804384.00,United States,,284874,Consumer Services,Real Estate Investment Trusts
FTF,Franklin Limited Duration Income Trust Common Shares of Beneficial Interest,$9.46,0.03,0.318%,285113379.00,United States,2003,62990,,
FTSI,FTS International Inc. Class A Common Stock,$19.25,0.60,3.217%,269498576.00,United States,2020,74347,Energy,Oilfield Services/Equipment
FURY,Fury Gold Mines Limited Common Shares,$1.70,-0.04,-2.299%,200300557.00,,2020,810864,Basic Industries,Precious Metals
GAU,Galiano Gold Inc.,$1.41,0.02,1.439%,316162216.00,Canada,,1266640,Basic Industries,Mining & Quarrying of Nonmetallic Minerals (No Fuels)
GBR,New Concept Energy Inc Common Stock,$7.12,0.17,2.446%,36539377.00,United States,,1340553,Energy,Oil & Gas Production
GDP,Goodrich Petroleum Corporation Common Stock,$10.41,0.24,2.36%,131746722.00,United States,2017,133710,Energy,Oil & Gas Production
GGN,GAMCO Global Gold Natural Resources & Income Trust,$3.55,0.04,1.14%,585435758.00,United States,2005,948256,,
GGO,The Gabelli Go Anywhere Trust Common Shares of Beneficial Interest,$14.095,0.00,0.00%,21843402.00,,2016,36,,
GLDG,GoldMining Inc. Common Shares,$1.77,0.00,0.00%,261303673.00,,,467615,Basic Industries,Precious Metals
GLO,Clough Global Opportunities Fund Common Stock,$12.94,0.19,1.49%,416983891.00,United States,2006,186925,,
GLQ,Clough Global Equity Fund Clough Global Equity Fund Common Shares of Beneficial Interest,$16.09,0.13,0.815%,212884039.00,United States,2005,109448,,
GLU,Gabelli Global Utility Common Shares of Beneficial Ownership,$19.088,0.118,0.622%,102570857.00,United States,2004,18407,,
GLV,Clough Global Dividend and Income Fund Common Shares of beneficial interest,$11.44,0.06,0.527%,96184363.00,United States,2004,51014,,
GOED,1847 Goedeker Inc. Commom Stock,$12.24,0.44,3.729%,74801088.00,United States,2020,49151,Consumer Services,Home Furnishings
GORO,Gold Resource Corporation Common Stock,$2.96,-0.01,-0.337%,212722460.00,United States,,1096960,Basic Industries,Precious Metals
GPL,Great Panther Mining Limited Ordinary Shares (Canada),$1.02,-0.06,-5.556%,361822374.00,Canada,,6225513,Basic Industries,Precious Metals
GRF,Eagle Capital Growth Fund Inc. Common Stock,$7.81,0.01,0.128%,31820447.00,United States,,15604,,
GSAT,Globalstar Inc. Common Stock,$2.48,0.27,12.217%,4142605082.00,United States,2006,72871830,Consumer Services,Telecommunications Equipment
GSS,Golden Star Resources Ltd Common Stock,$3.75,-0.07,-1.832%,417228154.00,United States,,420373,Basic Industries,Precious Metals
GSV,Gold Standard Ventures Corporation Common Stock (Canada),$0.845,-0.015,-1.744%,266313242.00,Canada,,20574508,Basic Industries,Mining & Quarrying of Nonmetallic Minerals (No Fuels)
GTE,Gran Tierra Energy Inc. Common Stock,$1.03,-0.03,-2.83%,377991003.00,Canada,,37453384,Energy,Oil & Gas Production
HMG,HMG/Courtland Properties Inc. Common Stock,$12.00,-0.40,-3.226%,12086976.00,United States,,253,Consumer Services,Real Estate Investment Trusts
HNW,Pioneer Diversified High Income Trust Pioneer Diversified High Income Trust Common Shares of Beneficial Interest,$14.85,0.03,0.202%,123741932.00,United States,2007,34573,,
HUSA,Houston American Energy Corporation Common Stock,$2.74,0.06,2.239%,24896292.00,United States,,1948024,Energy,Oil & Gas Production
IAF,Aberdeen Australia Equity Fund Inc Common Stock,$5.53,-0.01,-0.181%,127889551.00,United States,,55435,,
IBIO,iBio Inc. Common Stock,$2.42,0.08,3.419%,522744033.00,United States,,11234121,Health Care,Major Pharmaceuticals
ID,PARTS iD Inc. Class A Common Stock,$8.74,0.44,5.301%,287314023.00,United States,2017,19399,Technology,Advertising
IGC,India Globalization Capital Inc. Common Stock,$2.30,-0.17,-6.883%,98404040.00,United States,,7670398,Technology,Electronic Components
IHT,InnSuites Hospitality Trust Shares of Beneficial Interest,$2.69,-0.03,-1.103%,24947665.00,United States,,140765,Consumer Services,Real Estate Investment Trusts
IMH,Impac Mortgage Holdings Inc. Common Stock ,$3.46,-0.19,-5.205%,73455305.00,United States,1997,102727,Consumer Services,Real Estate Investment Trusts
IMO,Imperial Oil Limited Common Stock,$20.29,0.19,0.945%,14894417359.00,Canada,,757867,Energy,Integrated oil Companies
INDO,Indonesia Energy Corporation Limited Ordinary Shares,$7.20,0.3369,4.909%,53337276.00,,2019,135820,Energy,Oil & Gas Production
INFU,InfuSystems Holdings Inc. Common Stock,$19.59,0.15,0.772%,396441498.00,United States,,85782,Health Care,Medical/Dental Instruments
INS,Intelligent Systems Corporation Common Stock,$41.35,-5.96,-12.598%,369229367.00,United States,1992,140987,Technology,Computer Software: Prepackaged Software
INTT,inTest Corporation Common Stock,$8.00,0.21,2.696%,84232984.00,United States,1997,33664,Capital Goods,Electrical Products
INUV,Inuvo Inc.,$1.68,-0.12,-6.667%,196818282.00,United States,,8031664,Consumer Services,Advertising
IOR,Income Opportunity Realty Investors Inc. Common Stock,$11.7384,-0.1699,-1.427%,48928163.00,United States,,310,Consumer Services,Real Estate Investment Trusts
ISDR,Issuer Direct Corporation Common Stock,$22.86,0.61,2.742%,85536451.00,United States,,10050,Miscellaneous,Publishing
ISR,IsoRay Inc. Common Stock (DE),$1.66,0.03,1.84%,234391756.00,United States,,9127983,Health Care,Medical/Dental Instruments
ITP,IT Tech Packaging Inc. Common Stock,$1.09,-0.04,-3.54%,59642221.00,China,,5980880,Consumer Durables,Containers/Packaging
ITRG,Integra Resources Corp. Common Shares,$3.5299,0.0699,2.02%,192761404.00,,,69790,Basic Industries,Precious Metals
JOB,GEE Group Inc. Common Stock,$1.62,-0.06,-3.571%,28620739.00,United States,,600931,Technology,Diversified Commercial Services
KIQ,Kelso Technologies Inc Ordinary Shares,$1.13,0.00,0.00%,53302197.00,Canada,,2031992,Capital Goods,Railroads
KLR,Kaleyra Inc. Common Stock,$15.82,0.27,1.736%,463930691.00,United States,2018,994177,Technology,EDP Services
LCTX,Lineage Cell Therapeutics Inc. Common Stock,$3.00,0.17,6.007%,449944041.00,United States,,2874516,Health Care,Biotechnology: Biological Products (No Diagnostic Substances)
LEU,Centrus Energy Corp. Class A Common Stock,$23.74,-1.17,-4.697%,291317457.00,United States,2014,267601,Basic Industries,Mining & Quarrying of Nonmetallic Minerals (No Fuels)
LGL,LGL Group Inc. (The) Common Stock,$11.2178,0.2178,1.98%,58998292.00,United States,,8933,Capital Goods,Industrial Machinery/Components
LNG,Cheniere Energy Inc. Common Stock,$67.62,-0.50,-0.734%,17058768894.00,United States,,598074,Public Utilities,Oil/Gas Transmission
LODE,Comstock Mining Inc. Common Stock,$2.13,0.05,2.404%,74509032.00,United States,,1388797,Basic Industries,Precious Metals
LOV,Spark Networks Inc. American Depositary Shares (each representing one-tenth of an Ordinary Share),$7.30,-0.16,-2.145%,190215224.00,United States,2017,148691,Consumer Services,Other Consumer Services
LSF,Laird Superfood Inc. Common Stock,$53.26,-0.56,-1.041%,472676641.00,,2020,25966,Consumer Non-Durables,Packaged Foods
LXFR,Luxfer Holdings PLC Ordinary Shares,$18.22,-0.19,-1.032%,503274644.00,United Kingdom,2012,34883,Basic Industries,Major Chemicals
MAG,MAG Silver Corporation Ordinary Shares,$19.14,0.67,3.628%,1813386417.00,Canada,,810782,Basic Industries,Precious Metals
MCF,Contango Oil & Gas Company Common Stock (TX),$4.52,0.56,14.141%,785068060.00,United States,,1927825,Energy,Oil & Gas Production
MHH,Mastech Digital Inc Common Stock,$16.17,-0.71,-4.206%,184010541.00,United States,,39956,Consumer Services,Professional Services
MLSS,Milestone Scientific Inc. Common Stock,$3.65,-0.06,-1.617%,232481162.00,United States,2015,543034,Health Care,Industrial Specialties
MMX,Maverix Metals Inc. Common Shares,$5.29,0.09,1.731%,743183155.00,,,428081,Basic Industries,Precious Metals
MSN,Emerson Radio Corporation Common Stock,$1.74,-0.16,-8.421%,36614214.00,United States,,557590,Consumer Non-Durables,Consumer Electronics/Appliances
MTA,Metalla Royalty & Streaming Ltd. Common Shares,$10.09,0.09,0.90%,399726610.00,,,239181,Basic Industries,Precious Metals
MTNB,Matinas Biopharma Holdings Inc. Common Stock,$1.42,0.00,0.00%,283491296.00,United States,2017,3616570,Health Care,Major Pharmaceuticals
MXC,Mexco Energy Corporation Common Stock,$9.37,0.16,1.737%,19225984.00,United States,,84427,Energy,Oil & Gas Production
MYO,Myomo Inc. Common Stock,$14.58,1.47,11.213%,66802469.00,United States,2017,314901,Health Care,Industrial Specialties
NAK,Northern Dynasty Minerals Ltd. Common Stock,$0.899,-0.101,-10.10%,457632921.00,Canada,,67319505,Basic Industries,Precious Metals
NAVB,Navidea Biopharmaceuticals Inc. Common Stock,$2.56,-0.11,-4.12%,68319227.00,United States,,227517,Health Care,Biotechnology: In Vitro & In Vivo Diagnostic Substances
NBA,New Beginnings Acquisition Corp. Common Stock,$10.80,0.11,1.029%,161136000.00,,2020,10854,Finance,Business Services
NBH,Neuberger Berman Municipal Fund Inc. Common Stock,$16.37,-0.06,-0.365%,308052232.00,United States,2002,22644,,
NBO,Neuberger Berman New York Municipal Fund Inc. Common Stock,$12.69,-0.03,-0.236%,64432422.00,United States,2002,5512,,
NBW,Neuberger Berman California Municipal Fund Inc Common Stock,$13.72,-0.13,-0.939%,76160324.00,United States,2002,8805,,
NBY,NovaBay Pharmaceuticals Inc. Common Stock,$1.19,0.01,0.847%,49721275.00,United States,2007,2225625,Health Care,Major Pharmaceuticals
NEN,New England Realty Associates Limited Partnership Class A Depositary Receipts Evidencing Units of Limited Partnership,$51.85,0.576,1.123%,189392288.00,United States,,1964,Consumer Services,Building operators
NES,Nuverra Environmental Solutions Inc. Common Stock,$3.0407,0.0207,0.685%,47959197.00,United States,2017,47276,Energy,Oilfield Services/Equipment
NG,Novagold Resources Inc.,$9.37,0.20,2.181%,3104474209.00,Canada,,1052438,Basic Industries,Precious Metals
NGD,New Gold Inc.,$1.77,0.02,1.143%,1197228000.00,Canada,,4102763,Basic Industries,Precious Metals
NHC,National HealthCare Corporation Common Stock,$65.43,-1.65,-2.46%,1004971300.00,United States,,15152,Health Care,Hospital/Nursing Management
NHS,Neuberger Berman High Yield Strategies Fund,$12.36,-0.02,-0.162%,241521631.00,United States,,101980,,
NML,Neuberger Berman MLP and Energy Income Fund Inc. Common Stock,$3.87,0.01,0.259%,219270051.00,,2013,321485,,
NNVC,NanoViricides Inc. Common Stock,$5.04,0.01,0.199%,53751600.00,United States,,140254,Health Care,Major Pharmaceuticals
NOG,Northern Oil and Gas Inc. Common Stock,$11.76,0.00,0.00%,708926939.00,United States,,1049088,,
NRO,Neuberger Berman Real Estate Securities Income Fund Inc. Neuberger Berman Real Estate Securities Income Fund Inc.,$4.31,-0.07,-1.598%,204381928.00,United States,2003,192559,,
NSPR,InspireMD Inc. Common Stock,$1.21,-0.10,-7.634%,127319083.00,Israel,,15315423,Health Care,Medical/Dental Instruments
NTIP,Network-1 Technologies Inc. Common Stock,$3.625,-0.055,-1.495%,87119901.00,United States,,12657,Miscellaneous,Multi-Sector Companies
NTN,NTN Buzztime Inc. Common Stock,$5.65,0.54,10.568%,16759719.00,United States,,2931426,Health Care,Major Pharmaceuticals
NXE,Nexgen Energy Ltd. Common Shares,$4.00,0.13,3.359%,1510840276.00,,,1419178,Basic Industries,Precious Metals
OCX,OncoCyte Corporation Common Stock,$5.92,0.17,2.957%,465677915.00,United States,2015,984674,Health Care,Biotechnology: In Vitro & In Vivo Diagnostic Substances
OGEN,Oragenics Inc. Common Stock,$1.40,0.02,1.449%,128473699.00,United States,,13440232,Health Care,Major Pharmaceuticals
ORLA,Orla Mining Ltd. Common Shares,$4.14,0.00,0.00%,947919240.00,,2020,134776,Basic Industries,Precious Metals
PED,Pedevco Corp. Common Stock,$1.76,-0.06,-3.297%,139846555.00,United States,,1560933,Energy,Oil & Gas Production
PHGE,BiomX Inc. COmmon Stock,$7.00,0.00,0.00%,162729364.00,,2019,28344,Health Care,Biotechnology: Biological Products (No Diagnostic Substances)
PLAG,Planet Green Holdings Corp. Common Stock,$3.11,-0.20,-6.042%,49535349.00,China,,206009,Consumer Non-Durables,Packaged Foods
PLG,Platinum Group Metals Ltd. Ordinary Shares (Canada),$4.89,0.02,0.411%,353105805.00,Canada,,1835361,Basic Industries,Precious Metals
PLM,Polymet Mining Corporation Ordinary Shares (Canada),$4.11,0.06,1.481%,413875833.00,Canada,,335152,Basic Industries,Precious Metals
PLX,Protalix BioTherapeutics Inc. (DE) Common Stock,$4.90,-0.89,-15.371%,163349874.00,Israel,,4635421,Health Care,Biotechnology: Biological Products (No Diagnostic Substances)
PRK,Park National Corporation Common Stock,$117.49,-0.93,-0.785%,2070545421.00,United States,,36701,Finance,Major Banks
PTK,PTK Acquisition Corp. Common Stock,$10.25,-0.17,-1.631%,147343750.00,United States,2020,46388,Finance,Business Services
PTN,Palatin Technologies Inc. Common Stock,$1.15,-0.02,-1.709%,264386503.00,United States,,5451892,Health Care,Major Pharmaceuticals
PW,Power REIT (MD) Common Stock,$43.78,7.89,21.984%,83888565.00,United States,,165403,Consumer Services,Real Estate Investment Trusts
PZG,Paramount Gold Nevada Corp. Common Stock,$1.20,-0.03,-2.439%,43471855.00,United States,2015,430300,Basic Industries,Precious Metals
RCG,RENN Fund Inc Common Stock,$2.31,0.08,3.587%,13749018.00,United States,,26539,,
REI,Ring Energy Inc. Common Stock,$2.11,-0.02,-0.939%,172320746.00,United States,,6051734,Energy,Oil & Gas Production
RHE,Regional Health Properties Inc. Common Stock,$6.98,-0.27,-3.724%,11783769.00,,2017,508191,Consumer Services,Real Estate
RLGT,Radiant Logistics Inc. Common Stock,$7.39,-0.06,-0.805%,369260113.00,United States,,347319,Transportation,Oil Refining/Marketing
RMED,Ra Medical Systems Inc. Common Stock,$8.49,0.49,6.125%,27368126.00,,2018,373587,Health Care,Medical/Dental Instruments
RVP,Retractable Technologies Inc. Common Stock,$17.28,-0.15,-0.861%,584350917.00,United States,,748124,Health Care,Medical/Dental Instruments
SACC,Sachem Capital Corp. 6.875% Notes due 2024,$25.1842,-0.0158,-0.063%,0.00,United States,2019,445,Consumer Services,Real Estate Investment Trusts
SACH,Sachem Capital Corp. Common Shares,$4.66,-0.01,-0.214%,103101573.00,United States,2017,108453,Consumer Services,Real Estate Investment Trusts
SCCB,Sachem Capital Corp. 7.125% Notes due 2024,$25.99,0.00,0.00%,0.00,United States,2019,115,Consumer Services,Real Estate Investment Trusts
SCCC,Sachem Capital Corp. 7.75% Notes due 2025,$25.5947,0.0447,0.175%,0.00,United States,2020,1975,Consumer Services,Real Estate Investment Trusts
SDPI,Superior Drilling Products Inc. Common Stock,$1.16,0.00,0.00%,29716284.00,,2014,698269,Energy,Metal Fabrications
SEB,Seaboard Corporation Common Stock,$3165.15,-10.86,-0.342%,3674039652.00,United States,1996,682,Consumer Services,Farming/Seeds/Milling
SENS,Senseonics Holdings Inc. Common Stock,$4.16,0.35,9.186%,1436892579.00,United States,,65554035,Capital Goods,Industrial Machinery/Components
SIF,SIFCO Industries Inc. Common Stock,$8.67,-0.10,-1.14%,51666515.00,United States,,14204,Capital Goods,Aerospace
SILV,SilverCrest Metals Inc. Common Shares,$9.47,-0.19,-1.967%,1223851956.00,,2018,4554816,Basic Industries,Precious Metals
SIM,Grupo Simec S.A.B. de C.V. American Depositary Shares,$13.00,-0.146,-1.111%,2156739923.00,Mexico,1993,317,Basic Industries,Steel/Iron Ore
SMTS,Sierra Metals Inc. Common Stock,$3.30,-0.04,-1.198%,537240000.00,,,452936,Basic Industries,Precious Metals
SNMP,Sanchez Midstream Partners LP Common Stock,$1.35,-0.02,-1.46%,57008811.00,United States,,528328,Energy,Oil & Gas Production
SSY,SunLink Health Systems Inc. Common Stock,$2.23,0.22,10.945%,15385486.00,United States,,3405272,Health Care,Hospital/Nursing Management
STXS,Stereotaxis Inc. Common Stock,$5.78,0.03,0.522%,425902936.00,United States,,439222,Health Care,Biotechnology: Electromedical & Electrotherapeutic Apparatus
SVM,Silvercorp Metals Inc. Common Shares,$6.13,0.05,0.822%,1074945840.00,,,1499031,Basic Industries,Precious Metals
SVT,Servotronics Inc. Common Stock,$8.9606,-0.2794,-3.024%,22297799.00,United States,,823,Capital Goods,Industrial Machinery/Components
SYN,Synthetic Biologics Inc. Common Stock,$0.995,-0.025,-2.451%,66579258.00,United States,,20128464,Health Care,Major Pharmaceuticals
TGB,Taseko Mines Ltd. Common Stock,$1.66,0.12,7.792%,463479281.00,Canada,,7225855,Basic Industries,Precious Metals
TGC,Tengasco Inc. Common Stock,$3.35,-0.14,-4.011%,35794891.00,United States,,2214259,Energy,Oil & Gas Production
THM,International Tower Hill Mines Ltd. Ordinary Shares (Canada),$1.36,0.00,0.00%,265075130.00,Canada,,192007,Basic Industries,Precious Metals
TKAT,Takung Art Co. Ltd. Common Stock,$3.38,0.52,18.182%,38097261.00,,,1084097,Consumer Services,Other Specialty Stores
TMBR,Timber Pharmaceuticals Inc. Common Stock,$2.35,0.07,3.07%,27845223.00,United States,2015,12226326,Health Care,Major Pharmaceuticals
TMP,Tompkins Financial Corporation Common Stock,$75.77,0.53,0.704%,1124391946.00,United States,,28376,Finance,Major Banks
TMQ,Trilogy Metals Inc. Common Stock,$2.36,0.11,4.889%,337489860.00,Canada,,1335367,Basic Industries,Precious Metals
TPHS,Trinity Place Holdings Inc. Common Stock,$2.29,0.08,3.62%,73674125.00,,,32012,Consumer Services,Building operators
TRT,Trio-Tech International Common Stock,$5.70,-0.48,-7.767%,21150164.00,United States,,429508,Technology,Industrial Machinery/Components
TRX,Tanzanian Gold Corporation Common Stock,$0.8934,-0.0678,-7.054%,186873603.00,Canada,,18852341,Basic Industries,Precious Metals
TRXC,TransEnterix Inc. Common Stock,$6.25,0.46,7.945%,1099978975.00,United States,,23229909,Health Care,Medical/Dental Instruments
UAMY,United States Antimony Corporation Common Stock,$1.59,0.02,1.274%,121651059.00,United States,,15304261,Capital Goods,Metal Fabrications
UAVS,AgEagle Aerial Systems Inc. Common Stock,$14.70,0.35,2.439%,864383123.00,United States,,4054318,Capital Goods,Aerospace
UEC,Uranium Energy Corp. Common Stock,$2.26,0.13,6.103%,449873130.00,Canada,,5744349,Basic Industries,Precious Metals
UFAB,Unique Fabricating Inc. Common Stock,$7.05,0.00,0.00%,68942986.00,United States,2015,23974,Capital Goods,Auto Parts:O.E.M.
URG,Ur Energy Inc Common Shares (Canada),$1.15,0.02,1.77%,214587932.00,Canada,,3755374,Basic Industries,Precious Metals
USAS,Americas Gold and Silver Corporation Common Shares no par value,$2.74,0.03,1.107%,351675041.00,,2017,1248494,Basic Industries,Precious Metals
UTG,Reaves Utility Income Fund Common Shares of Beneficial Interest,$32.87,0.01,0.03%,1772888022.00,United States,2004,199522,,
UUU,Universal Security Instruments Inc. Common Stock,$10.56,-0.21,-1.95%,24424087.00,United States,,1083998,Technology,Electronic Components
UUUU,Energy Fuels Inc Ordinary Shares (Canada),$5.79,0.14,2.478%,777541891.00,,,4041972,Basic Industries,Mining & Quarrying of Nonmetallic Minerals (No Fuels)
VCF,Delaware Investments Colorado Municipal Income Fund Inc  Common Stock,$14.53,-0.06,-0.411%,70283063.00,United States,1993,3225,,
VFL,Delaware Investments National Municipal Income Fund Common Stock,$13.60,-0.04,-0.293%,61586825.00,United States,1993,1712,,
VGZ,Vista Gold Corp Common Stock,$1.07,0.02,1.905%,109872633.00,United States,,676364,Basic Industries,Precious Metals
VHAQ,Viveon Health Acquisition Corp. Common Stock,$10.13,0.05,0.496%,254832813.00,,2021,718082,Finance,Business Services
VKI,Invesco Advantage Municipal Income Trust II Common Shares of Beneficial Interest (DE),$11.63,-0.05,-0.428%,516273738.00,United States,,68734,,
VMM,Delaware Investments Minnesota Municipal Income Fund II Inc. Common Stock,$13.43,-0.03,-0.223%,154511814.00,United States,1993,4802,,
VNRX,VolitionRX Limited Common Stock,$5.19,-0.03,-0.575%,253872099.00,Singapore,2015,1052927,Health Care,Biotechnology: In Vitro & In Vivo Diagnostic Substances
VOLT,Volt Information Sciences Inc. Common Stock,$2.95,-0.14,-4.531%,64122896.00,United States,,119807,Technology,Professional Services
WRN,Western Copper and Gold Corporation Common Stock,$1.37,-0.01,-0.725%,185768760.00,Canada,2011,665839,Basic Industries,Precious Metals
WTT,Wireless Telecom Group  Inc. Common Stock,$2.4899,-0.1701,-6.395%,54018405.00,United States,,179322,Capital Goods,Telecommunications Equipment
WYY,WidePoint Corporation Common Stock,$12.75,-0.21,-1.62%,107848859.00,United States,,203007,Technology,EDP Services
XPL,Solitario Zinc Corp. Common Stock,$0.9415,0.0315,3.462%,54709027.00,United States,,6690256,Basic Industries,Precious Metals
XTNT,Xtant Medical Holdings Inc. Common Stock,$1.92,0.10,5.495%,147573185.00,United States,,175510,Health Care,Biotechnology: Biological Products (No Diagnostic Substances)
XXII,22nd Century Group Inc. Common Stock,$4.10,0.38,10.215%,569322691.00,United States,,11869475,Consumer Non-Durables,Farming/Seeds/Milling
YCBD,cbdMD Inc. Common Stock,$4.96,0.09,1.848%,259344080.00,United States,2017,4061961,Consumer Non-Durables,Package Goods/Cosmetics
YCBD^A,cbdMD Inc. 8.0% Series A Cumulative Convertible Preferred Stock,$9.1001,-0.0399,-0.437%,,United States,,16111,,
ZDGE,Zedge Inc. Class B Common Stock ,$13.22,0.38,2.96%,165564464.00,,2016,276707,Technology,Computer Software: Prepackaged Software
ZOM,Zomedica Corp. Common Shares,$2.57,-0.09,-3.383%,2163606026.00,United States,2017,103503128,Health Care,Major Pharmaceuticals
